insert into arbitrage.arb_diff_rate (id, platform, coin, option_choose, from_market, from_symbol, to_market, to_symbol,
                                     investment_currency, return_currency, diff_status, created, updated, bak)
values (1, 'binance', 'BTC', 'positive', 'spot', 'BTCUSDT', 'delivery', 'BTCUSD_240628', 'USDT', 'USDT', 1, 0, 0, null),
       (3, 'binance', 'ETH', 'positive', 'spot', 'ETHUSDT', 'delivery', 'ETHUSD_240628', 'USDT', 'USDT', 1, 0, 0, null),
       (7, 'binance', 'BTC', 'reverse', 'delivery', 'BTCUSD_240628', 'delivery', 'BTCUSD_PERP', 'BTC', 'BTC', 1, 0, 0,
        null),
       (8, 'binance', 'ETH', 'reverse', 'delivery', 'ETHUSD_240628', 'delivery', 'ETHUSD_PERP', 'ETH', 'ETH', 1, 0, 0,
        null),
       (9, 'binance', 'BTC', 'reverse', 'futures', 'BTCUSDT_240628', 'futures', 'BTCUSDT', 'USDT', 'USDT', 1, 0, 0,
        null),
       (10, 'binance', 'ETH', 'reverse', 'futures', 'ETHUSDT_240628', 'futures', 'ETHUSDT', 'USDT', 'USDT', 1, 0, 0,
        null),
       (11, 'binance', 'BNB', 'reverse', 'delivery', 'BNBUSD_240628', 'delivery', 'BNBUSD_PERP', 'BNB', 'BNB', 1, 0, 0,
        null),
       (13, 'binance', 'LINK', 'positive', 'spot', 'LINKUSDT', 'delivery', 'LINKUSD_240628', 'USDT', 'USDT', 1, 0, 0,
        null);


insert into arbitrage.arb_diff_rate_info (id, diff_rate_id, platform, coin, option_choose, from_market, from_symbol,
                                          from_price, to_market, to_symbol, to_price, diff_price, diff_rate, created,
                                          updated, bak)
values (1, 1, 'binance', 'BTC', 'positive', 'spot', 'BTCUSDT', 67492.0000, 'delivery', 'BTCUSD_240628', 72976.8000,
        5484.8000, 0.0813, 1710065054, 1710478224, null),
       (2, 3, 'binance', 'ETH', 'positive', 'spot', 'ETHUSDT', 3676.2800, 'delivery', 'ETHUSD_240628', 3909.3600,
        233.0800, 0.0634, 1710065055, 1710478224, null),
       (3, 7, 'binance', 'BTC', 'reverse', 'delivery', 'BTCUSD_240628', 72976.8000, 'delivery', 'BTCUSD_PERP',
        67508.2000, 5468.6000, 0.0810, 1710065055, 1710478224, null),
       (4, 8, 'binance', 'ETH', 'reverse', 'delivery', 'ETHUSD_240628', 3909.3600, 'delivery', 'ETHUSD_PERP', 3678.7900,
        230.5700, 0.0627, 1710065055, 1710478224, null),
       (5, 9, 'binance', 'BTC', 'reverse', 'futures', 'BTCUSDT_240628', 72060.0000, 'futures', 'BTCUSDT', 67496.6000,
        4563.4000, 0.0676, 1710065055, 1710478225, null),
       (6, 10, 'binance', 'ETH', 'reverse', 'futures', 'ETHUSDT_240628', 3914.5100, 'futures', 'ETHUSDT', 3670.6300,
        243.8800, 0.0664, 1710065055, 1710478225, null),
       (7, 11, 'binance', 'BNB', 'reverse', 'delivery', 'BNBUSD_240628', 595.1800, 'delivery', 'BNBUSD_PERP', 577.5100,
        17.6700, 0.0306, 1710065055, 1710478225, null),
       (8, 13, 'binance', 'LINK', 'positive', 'spot', 'LINKUSDT', 19.3150, 'delivery', 'LINKUSD_240628', 20.7900,
        1.4750, 0.0764, 1710065055, 1710478225, null);

insert into arbitrage.arb_diff_rate_his (id, diff_rate_id, diff_price, diff_rate, created, updated, bak)
values (1, 1, 5266.3000, 0.0760, 1710065157, 1710065157, null),
       (2, 3, 288.8400, 0.0730, 1710065157, 1710065157, null),
       (3, 7, 4930.1000, 0.0700, 1710065157, 1710065157, null),
       (4, 8, 274.2500, 0.0690, 1710065157, 1710065157, null),
       (5, 9, 4612.7000, 0.0660, 1710065157, 1710065157, null),
       (6, 10, 291.1200, 0.0740, 1710065157, 1710065157, null),
       (7, 11, -1.1900, -0.0020, 1710065157, 1710065157, null),
       (8, 13, 1.8980, 0.0950, 1710065157, 1710065157, null),
       (9, 8, 277.0300, 0.0700, 1710065158, 1710065158, null),
       (10, 10, 295.2000, 0.0750, 1710065158, 1710065158, null),
       (11, 11, -1.5100, -0.0030, 1710065158, 1710065158, null),
       (12, 1, 5167.9000, 0.0740, 1710065159, 1710065159, null),
       (13, 3, 290.2200, 0.0740, 1710065159, 1710065159, null),
       (14, 9, 4641.0000, 0.0670, 1710065159, 1710065159, null),
       (15, 13, 1.9010, 0.0960, 1710065159, 1710065159, null),
       (16, 1, 5206.7900, 0.0750, 1710065160, 1710065160, null),
       (17, 9, 4625.8000, 0.0660, 1710065162, 1710065162, null),
       (18, 10, 290.6600, 0.0740, 1710065163, 1710065163, null),
       (19, 1, 5181.7400, 0.0740, 1710065164, 1710065164, null),
       (20, 3, 287.3200, 0.0730, 1710065164, 1710065164, null),
       (21, 8, 274.8500, 0.0690, 1710065164, 1710065164, null),
       (22, 13, 1.8530, 0.0930, 1710065164, 1710065164, null),
       (23, 1, 5047.8700, 0.0720, 1710065444, 1710065444, null),
       (24, 3, 287.1500, 0.0730, 1710065444, 1710065444, null),
       (25, 7, 4898.3000, 0.0700, 1710065444, 1710065444, null),
       (26, 8, 274.5500, 0.0690, 1710065444, 1710065444, null),
       (27, 9, 4591.3000, 0.0660, 1710065444, 1710065444, null),
       (28, 10, 290.5500, 0.0740, 1710065444, 1710065444, null),
       (29, 11, -1.4000, -0.0030, 1710065444, 1710065444, null),
       (30, 13, 1.8530, 0.0930, 1710065444, 1710065444, null),
       (31, 7, 4752.3000, 0.0680, 1710065445, 1710065445, null),
       (32, 9, 4455.8000, 0.0640, 1710065445, 1710065445, null),
       (33, 11, -1.2200, -0.0020, 1710065445, 1710065445, null),
       (34, 9, 4628.6000, 0.0660, 1710065448, 1710065448, null),
       (35, 13, 1.8590, 0.0940, 1710065448, 1710065448, null),
       (36, 1, 5217.7100, 0.0750, 1710065450, 1710065450, null),
       (37, 7, 4924.6000, 0.0700, 1710065450, 1710065450, null),
       (38, 10, 290.0400, 0.0730, 1710065452, 1710065452, null),
       (39, 13, 1.8550, 0.0930, 1710065454, 1710065454, null),
       (40, 10, 290.4800, 0.0740, 1710065462, 1710065462, null);


insert into arbitrage.arb_strategy (id, diff_rate_id, user_id, platform, option_choose, coin, from_market, from_symbol,
                                    from_price_truncate, from_amt_truncate, to_market, to_symbol, to_price_truncate,
                                    to_amt_truncate, from_to_desc, to_from_desc, option_open, option_close, option_amt,
                                    contract_mul, margin_mul, fok_diff, spot_fee, futures_fee, delivery_fee,
                                    doing_status, created, updated, bak)
values (1, 1, 6, 'binance', 'positive', 'ETH', 'spot', 'ETHUSDT', 2, 2, 'delivery', 'ETHUSD_240628', 0, 2,
        'spot:buy -> transfer:to:delivery -> delivery:sell', 'delivery:buy -> transfer:to:spot -> spot:sell', 0.0400,
        0.0100, 0.0100, 10, 1, 5.0000, 0.000000, 0.000000, 0.000000, 0, 0, 1710250529, null),
       (11, 7, 6, 'binance', 'reverse', 'BTC', 'delivery', 'BTCUSD_240628', 1, 5, 'delivery', 'BTCUSD_PERP', 1, 5,
        'delivery:240628:buy -> delivery:sell', 'delivery:buy -> dekuvert:240628:sell', 0.0900, 0.0100, 0.1000, 100, 2,
        50.0000, 0.000000, 0.000000, 0.000000, 1, 0, 0, null),
       (12, 13, 6, 'binance', 'positive', 'LINK', 'spot', 'LINKUSDT', 3, 2, 'delivery', 'LINKUSD_240628', 3, 4,
        'spot:buy -> transfer:to:delivery -> delivery:sell', 'delivery:buy -> transfer:to:spot -> spot:sell', 0.0600,
        0.0900, 1.0000, 10, 1, 0.2000, 0.000000, 0.000000, 0.000500, 2, 0, 1710337407, null);


insert into arbitrage.arb_strategy_ex (id, user_id, platform, option_choose, arb_strategy_id, coin, market, symbol,
                                       option_type, option_status, option_amount, option_executed_amt, current_order_id,
                                       created, updated, bak)
values (41, 6, 'binance', 'positive', 1, 'ETH', 'spot', 'ETHUSDT', 'spot_buy', 0, 0.0100, 0.00000000, '', 1710080805,
        1710080805, null),
       (42, 6, 'binance', 'positive', 1, 'ETH', 'transfer', 'ETH', 'transfer_spot_to_delivery', 0, 0.0100, 0.00000000,
        '', 1710080805, 1710080805, null),
       (43, 6, 'binance', 'positive', 1, 'ETH', 'delivery', 'ETHUSD_240628', 'delivery_sell', 0, 0.0100, 0.00000000, '',
        1710080805, 1710080805, null),
       (44, 6, 'binance', 'positive', 1, 'ETH', 'delivery', 'ETHUSD_240628', 'delivery_buy', 0, 0.0100, 0.00000000, '',
        1710080805, 1710080805, null),
       (45, 6, 'binance', 'positive', 1, 'ETH', 'transfer', 'ETH', 'transfer_delivery_to_spot', 0, 0.0100, 0.00000000,
        '', 1710080805, 1710080805, null),
       (46, 6, 'binance', 'positive', 1, 'ETH', 'spot', 'ETHUSDT', 'spot_sell', 0, 0.0100, 0.00000000, '', 1710080805,
        1710080805, null),
       (47, 6, 'binance', 'reverse', 11, 'BTC', 'delivery', 'BTCUSD_240628', 'delivery_buy', 0, 0.2000, 0.00000000, '',
        1710080805, 1710080805, null),
       (48, 6, 'binance', 'reverse', 11, 'BTC', 'delivery', 'BTCUSD_PERP', 'delivery_sell', 0, 0.2000, 0.00000000, '',
        1710080805, 1710080805, null),
       (49, 6, 'binance', 'reverse', 11, 'BTC', 'delivery', 'BTCUSD_PERP', 'delivery_buy', 0, 0.2000, 0.00000000, '',
        1710080805, 1710080805, null),
       (50, 6, 'binance', 'reverse', 11, 'BTC', 'delivery', 'BTCUSD_240628', 'delivery_sell', 0, 0.2000, 0.00000000, '',
        1710080805, 1710080805, null),
       (51, 6, 'binance', 'positive', 12, 'LINK', 'spot', 'LINKUSDT', 'spot_buy', 1, 1.0000, 1.00000000, '4939182820',
        1710254464, 1710303900, null),
       (52, 6, 'binance', 'positive', 12, 'LINK', 'transfer', 'LINK', 'transfer_spot_to_delivery', 1, 1.0000,
        1.00000000, '160025283955', 1710254464, 1710311051, null),
       (53, 6, 'binance', 'positive', 12, 'LINK', 'delivery', 'LINKUSD_240628', 'delivery_sell', 1, 2.0000, 2.00000000,
        '89327848', 1710254464, 1710335567, null),
       (54, 6, 'binance', 'positive', 12, 'LINK', 'delivery', 'LINKUSD_240628', 'delivery_buy', 1, 2.0000, 2.00000000,
        '89328505', 1710254464, 1710335619, null),
       (55, 6, 'binance', 'positive', 12, 'LINK', 'transfer', 'LINK', 'transfer_delivery_to_spot', 1, 0.8917,
        0.89170000, '160116301513', 1710254464, 1710336860, null),
       (56, 6, 'binance', 'positive', 12, 'LINK', 'spot', 'LINKUSDT', 'spot_sell', 1, 0.8900, 0.89000000, '4940347244',
        1710254464, 1710337407, null);


insert into arbitrage.arb_strategy_ex_info (id, user_id, platform, option_choose, arb_strategy_id, arb_strategy_ex_id,
                                            coin, market, symbol, option_type, price, amount, executed_amt, order_id,
                                            is_ok, created, updated, bak)
values (3, 6, 'binance', 'positive', 12, 51, 'LINK', 'spot', 'LINKUSDT', 'spot_buy', 20.8570, 1.00000000, 1.00000000,
        '4939172262', 1, 1710303497, 1710303872, null),
       (4, 6, 'binance', 'positive', 12, 51, 'LINK', 'spot', 'LINKUSDT', 'spot_buy', 20.8270, 1.00000000, 1.00000000,
        '4939182820', 1, 1710303900, 1710303900, null),
       (5, 6, 'binance', 'positive', 12, 52, 'LINK', 'transfer', 'LINK', 'transfer_spot_to_delivery', 0.0000,
        1.00000000, 1.00000000, '160025283955', 1, 1710311051, 0, null),
       (6, 6, 'binance', 'positive', 12, 53, 'LINK', 'delivery', 'LINKUSD_240628', 'delivery_sell', 22.3760, 2.00000000,
        2.00000000, '89118654', 1, 1710323193, 1710323193, null),
       (7, 6, 'binance', 'positive', 12, 53, 'LINK', 'delivery', 'LINKUSD_240628', 'delivery_sell', 22.1770, 2.00000000,
        2.00000000, '89327848', 1, 1710335567, 1710335567, null),
       (8, 6, 'binance', 'positive', 12, 54, 'LINK', 'delivery', 'LINKUSD_240628', 'delivery_buy', 22.5890, 2.00000000,
        2.00000000, '89328505', 1, 1710335619, 1710335619, null),
       (9, 6, 'binance', 'positive', 12, 55, 'LINK', 'transfer', 'LINK', 'transfer_spot_to_delivery', 0.0000,
        0.89170000, 0.89170000, '160116301513', 1, 1710336860, 0, null),
       (10, 6, 'binance', 'positive', 12, 56, 'LINK', 'spot', 'LINKUSDT', 'spot_sell', 20.2790, 0.89000000, 0.89000000,
        '4940347244', 1, 1710337407, 1710337407, null);